{
  "aggregate": {
    "rmse": 776283.350824942,
    "mae": 330874.34375,
    "r2": 0.9924042224884033,
    "rrmse": 0.00040969569818116724
  },
  "per_head": {
    "K": {
      "rmse": 3292.712255876605,
      "mae": 1366.7376708984375,
      "r2": 0.99996417760849,
      "rrmse": 0.000975786882918328
    },
    "k": {
      "rmse": 2651.5526583494434,
      "mae": 816.5209350585938,
      "r2": 0.9700497984886169,
      "rrmse": 0.004801303613930941
    },
    "C": {
      "rmse": 1141707.8804247607,
      "mae": 704382.0625,
      "r2": 0.9999889731407166,
      "rrmse": 0.000697961775586009
    },
    "c": {
      "rmse": 1052116.2735439462,
      "mae": 616932.1875,
      "r2": 0.999614417552948,
      "rrmse": 0.0007224633009172976
    }
  }
}