{
  "aggregate": {
    "rmse": 11646.877006305167,
    "mae": 5232.2509765625,
    "r2": 0.9992228746414185,
    "rrmse": 0.0004891338758170605
  },
  "per_head": {
    "K": {
      "rmse": 21.159946045545357,
      "mae": 13.711454391479492,
      "r2": 0.9999895095825195,
      "rrmse": 0.0005367302801460028
    },
    "k": {
      "rmse": 11.60154145620987,
      "mae": 5.116251468658447,
      "r2": 0.9971629977226257,
      "rrmse": 0.0012710463488474488
    },
    "C": {
      "rmse": 21304.229814757444,
      "mae": 14692.7939453125,
      "r2": 0.9999774694442749,
      "rrmse": 0.0009740073001012206
    },
    "c": {
      "rmse": 9419.562197894338,
      "mae": 6217.3798828125,
      "r2": 0.9997614026069641,
      "rrmse": 0.0006570364348590374
    }
  }
}