{
  "aggregate": {
    "rmse": 8999.579990199543,
    "mae": 3559.81005859375,
    "r2": 0.9998672604560852,
    "rrmse": 0.000520240340847522
  },
  "per_head": {
    "K": {
      "rmse": 10.121736730589241,
      "mae": 6.745977878570557,
      "r2": 0.9999879002571106,
      "rrmse": 0.00057967723114416
    },
    "k": {
      "rmse": 3.0989344149823204,
      "mae": 1.7493292093276978,
      "r2": 0.9996429085731506,
      "rrmse": 0.0010151698952540755
    },
    "C": {
      "rmse": 17641.604462179737,
      "mae": 11784.4833984375,
      "r2": 0.9999697208404541,
      "rrmse": 0.0012050780933350325
    },
    "c": {
      "rmse": 3569.8025155462033,
      "mae": 2446.26171875,
      "r2": 0.9998686909675598,
      "rrmse": 0.000548749987501651
    }
  }
}