{
  "aggregate": {
    "rmse": 15498.567675756363,
    "mae": 6403.328125,
    "r2": 0.999706506729126,
    "rrmse": 0.0005660325405187905
  },
  "per_head": {
    "K": {
      "rmse": 19.30365360444672,
      "mae": 12.838451385498047,
      "r2": 0.9999861121177673,
      "rrmse": 0.0006134063587523997
    },
    "k": {
      "rmse": 7.2794231693498075,
      "mae": 3.699328899383545,
      "r2": 0.9990445375442505,
      "rrmse": 0.0013638405362144113
    },
    "C": {
      "rmse": 30129.441282572767,
      "mae": 20525.93359375,
      "r2": 0.9999639987945557,
      "rrmse": 0.001245927414856851
    },
    "c": {
      "rmse": 7282.77227434718,
      "mae": 5070.84033203125,
      "r2": 0.9998311996459961,
      "rrmse": 0.0006669688737019897
    }
  }
}