{
  "model_type": "deeponet",
  "trial_number": 32,
  "best_value": 886782.6697449607,
  "best_params": {
    "deeponet_branch_n_layers": 5,
    "deeponet_branch_width_0": 128,
    "deeponet_branch_width_1": 96,
    "deeponet_branch_width_2": 160,
    "deeponet_branch_width_3": 64,
    "deeponet_branch_width_4": 128,
    "deeponet_trunk_n_layers": 4,
    "deeponet_trunk_width_0": 64,
    "deeponet_trunk_width_1": 128,
    "deeponet_trunk_width_2": 64,
    "deeponet_trunk_width_3": 80,
    "deeponet_param_dim": 96,
    "deeponet_latent_dim": 128,
    "deeponet_activation": "gelu",
    "deeponet_lr": 6.801936453599795e-05,
    "deeponet_weight_decay": 2.2632632342795594e-05
  },
  "user_attrs": {
    "metrics": {
      "train": {
        "rmse": 879501.4034781298,
        "mae": 396875.53125,
        "r2": 0.9942376017570496,
        "rrmse": 0.0004255534731782973
      },
      "val": {
        "rmse": 886782.6697449607,
        "mae": 400589.34375,
        "r2": 0.99275803565979,
        "rrmse": 0.00046790618216618896
      },
      "test": {
        "rmse": 906720.1620610408,
        "mae": 402662.0,
        "r2": 0.992343008518219,
        "rrmse": 0.00047853580326773226
      },
      "per_head": {
        "train": {
          "head_0": {
            "rmse": 3567.935397397212,
            "mae": 1637.665283203125,
            "r2": 0.9999609589576721,
            "rrmse": 0.0009490160155110061
          },
          "head_1": {
            "rmse": 2426.3009912209986,
            "mae": 802.4931030273438,
            "r2": 0.977411687374115,
            "rrmse": 0.0036256781313568354
          },
          "head_2": {
            "rmse": 1324552.2628269524,
            "mae": 878553.3125,
            "r2": 0.9999843835830688,
            "rrmse": 0.0007976346532814205
          },
          "head_3": {
            "rmse": 1157425.2907000089,
            "mae": 706508.6875,
            "r2": 0.9995929002761841,
            "rrmse": 0.0007031742134131491
          }
        },
        "val": {
          "head_0": {
            "rmse": 3049.6112867052416,
            "mae": 1564.7901611328125,
            "r2": 0.9999653100967407,
            "rrmse": 0.0009337676456198096
          },
          "head_1": {
            "rmse": 2741.303613246807,
            "mae": 840.9429931640625,
            "r2": 0.9715931415557861,
            "rrmse": 0.00464613176882267
          },
          "head_2": {
            "rmse": 1418547.6749295387,
            "mae": 909089.9375,
            "r2": 0.9999809265136719,
            "rrmse": 0.0008912188350223005
          },
          "head_3": {
            "rmse": 1064537.331508858,
            "mae": 690861.6875,
            "r2": 0.9994927644729614,
            "rrmse": 0.000722314405720681
          }
        },
        "test": {
          "head_0": {
            "rmse": 3455.1289411540056,
            "mae": 1619.9266357421875,
            "r2": 0.9999605417251587,
            "rrmse": 0.0010239187395200133
          },
          "head_1": {
            "rmse": 2665.693436987832,
            "mae": 836.5303344726562,
            "r2": 0.9698453545570374,
            "rrmse": 0.004826908931136131
          },
          "head_2": {
            "rmse": 1402084.305733432,
            "mae": 921980.3125,
            "r2": 0.9999834895133972,
            "rrmse": 0.0008571380749344826
          },
          "head_3": {
            "rmse": 1150090.0219930613,
            "mae": 686211.125,
            "r2": 0.999582827091217,
            "rrmse": 0.0007897395989857614
          }
        }
      }
    },
    "checkpoint": "net/optuna/deeponet/deeponet_optuna_trial032.pth",
    "best_val_loss": 0.00021706504048779607
  },
  "checkpoint_copied_to": "net/optuna/deeponet/best/best_deeponet_trial032_20250920_081703.pth",
  "timestamp": "20250920_081703"
}