{
  "deeponet": {
    "best_value": 772675.4748534472,
    "best_params": {
      "deeponet_branch_n_layers": 4,
      "deeponet_branch_width_0": 160,
      "deeponet_branch_width_1": 192,
      "deeponet_branch_width_2": 160,
      "deeponet_branch_width_3": 256,
      "deeponet_trunk_n_layers": 3,
      "deeponet_trunk_width_0": 32,
      "deeponet_trunk_width_1": 80,
      "deeponet_trunk_width_2": 80,
      "deeponet_param_dim": 128,
      "deeponet_latent_dim": 16,
      "deeponet_activation": "gelu",
      "deeponet_lr": 9.213477101311888e-05,
      "deeponet_weight_decay": 3.157334333517119e-05
    },
    "user_attrs": {
      "metrics": {
        "train": {
          "rmse": 755630.5213528633,
          "mae": 328800.03125,
          "r2": 0.9943849444389343,
          "rrmse": 0.00036561759770847857
        },
        "val": {
          "rmse": 772675.4748534472,
          "mae": 320384.53125,
          "r2": 0.9927629232406616,
          "rrmse": 0.00040769812767393887
        },
        "test": {
          "rmse": 773477.8509563154,
          "mae": 327786.1875,
          "r2": 0.9924512505531311,
          "rrmse": 0.0004082150699105114
        },
        "per_head": {
          "train": {
            "head_0": {
              "rmse": 3266.6655782311113,
              "mae": 1412.2667236328125,
              "r2": 0.9999673366546631,
              "rrmse": 0.0008688828675076365
            },
            "head_1": {
              "rmse": 2393.787480124332,
              "mae": 783.0140380859375,
              "r2": 0.9778992533683777,
              "rrmse": 0.0035770924296230078
            },
            "head_2": {
              "rmse": 1104497.0401119236,
              "mae": 682442.375,
              "r2": 0.9999891519546509,
              "rrmse": 0.0006651191506534815
            },
            "head_3": {
              "rmse": 1031493.9226733233,
              "mae": 630562.5625,
              "r2": 0.9996842741966248,
              "rrmse": 0.0006266667624004185
            }
          },
          "val": {
            "head_0": {
              "rmse": 2846.223111423277,
              "mae": 1319.0780029296875,
              "r2": 0.9999698400497437,
              "rrmse": 0.0008714917348697782
            },
            "head_1": {
              "rmse": 2741.7409615060283,
              "mae": 819.7150268554688,
              "r2": 0.9714590907096863,
              "rrmse": 0.004646873101592064
            },
            "head_2": {
              "rmse": 1204121.8460072884,
              "mae": 667741.8125,
              "r2": 0.9999863505363464,
              "rrmse": 0.000756503373850137
            },
            "head_3": {
              "rmse": 968599.1994049964,
              "mae": 611657.625,
              "r2": 0.999637246131897,
              "rrmse": 0.0006572179845534265
            }
          },
          "test": {
            "head_0": {
              "rmse": 3256.417663629775,
              "mae": 1349.21337890625,
              "r2": 0.9999648332595825,
              "rrmse": 0.0009650311549194157
            },
            "head_1": {
              "rmse": 2664.946622354752,
              "mae": 823.498291015625,
              "r2": 0.9701536893844604,
              "rrmse": 0.00482555665075779
            },
            "head_2": {
              "rmse": 1164570.9840795451,
              "mae": 701425.5625,
              "r2": 0.9999886155128479,
              "rrmse": 0.0007119387737475336
            },
            "head_3": {
              "rmse": 1018247.7475506637,
              "mae": 607546.625,
              "r2": 0.9996975660324097,
              "rrmse": 0.0006992066046223044
            }
          }
        }
      },
      "checkpoint": "net/optuna/deeponet/deeponet_optuna_trial023.pth",
      "best_val_loss": 0.00021364447156277795
    },
    "best_trial_number": 23
  }
}