{
  "deeponet": {
    "best_value": 785472.6648738325,
    "best_params": {
      "deeponet_branch_n_layers": 5,
      "deeponet_branch_width_0": 256,
      "deeponet_branch_width_1": 224,
      "deeponet_branch_width_2": 64,
      "deeponet_branch_width_3": 160,
      "deeponet_branch_width_4": 256,
      "deeponet_trunk_n_layers": 2,
      "deeponet_trunk_width_0": 48,
      "deeponet_trunk_width_1": 32,
      "deeponet_param_dim": 96,
      "deeponet_latent_dim": 32,
      "deeponet_activation": "gelu",
      "deeponet_lr": 6.58533650889579e-05,
      "deeponet_weight_decay": 1.4977714890359088e-06,
      "deeponet_batch_size": 256,
      "deeponet_epochs": 3500
    },
    "user_attrs": {
      "metrics": {
        "train": {
          "rmse": 814134.4585558334,
          "mae": 362271.03125,
          "r2": 0.9943143725395203,
          "rrmse": 0.0003939251764677465
        },
        "val": {
          "rmse": 785472.6648738325,
          "mae": 355690.15625,
          "r2": 0.992792546749115,
          "rrmse": 0.00041445050737820566
        },
        "test": {
          "rmse": 815360.0803767621,
          "mae": 364040.625,
          "r2": 0.992345929145813,
          "rrmse": 0.0004303190507926047
        },
        "per_head": {
          "train": {
            "head_0": {
              "rmse": 3224.123912010827,
              "mae": 1379.926025390625,
              "r2": 0.9999682307243347,
              "rrmse": 0.0008575674728490412
            },
            "head_1": {
              "rmse": 2393.3159005864645,
              "mae": 794.6016845703125,
              "r2": 0.9777432680130005,
              "rrmse": 0.0035763876512646675
            },
            "head_2": {
              "rmse": 1227462.63223611,
              "mae": 787050.1875,
              "r2": 0.9999866485595703,
              "rrmse": 0.00073916808469221
            },
            "head_3": {
              "rmse": 1069849.8202196418,
              "mae": 659859.1875,
              "r2": 0.9995590448379517,
              "rrmse": 0.0006499692681245506
            }
          },
          "val": {
            "head_0": {
              "rmse": 2752.9696692844254,
              "mae": 1328.232666015625,
              "r2": 0.9999716877937317,
              "rrmse": 0.0008429382578469813
            },
            "head_1": {
              "rmse": 2729.2369812824977,
              "mae": 828.7588500976562,
              "r2": 0.9716931581497192,
              "rrmse": 0.004625680390745401
            },
            "head_2": {
              "rmse": 1233239.181472921,
              "mae": 786746.125,
              "r2": 0.9999857544898987,
              "rrmse": 0.0007747966446913779
            },
            "head_3": {
              "rmse": 973126.7156624568,
              "mae": 633857.75,
              "r2": 0.9995195865631104,
              "rrmse": 0.0006602900102734566
            }
          },
          "test": {
            "head_0": {
              "rmse": 3278.5379363368666,
              "mae": 1365.3570556640625,
              "r2": 0.9999644160270691,
              "rrmse": 0.0009715863852761686
            },
            "head_1": {
              "rmse": 2665.983683370924,
              "mae": 832.405517578125,
              "r2": 0.9698783159255981,
              "rrmse": 0.004827434662729502
            },
            "head_2": {
              "rmse": 1260847.690468599,
              "mae": 829978.125,
              "r2": 0.9999866485595703,
              "rrmse": 0.0007707957993261516
            },
            "head_3": {
              "rmse": 1034163.3238903804,
              "mae": 623986.625,
              "r2": 0.9995542168617249,
              "rrmse": 0.0007101355004124343
            }
          }
        }
      },
      "checkpoint": "net/optuna/deeponet/deeponet_optuna_trial024.pth",
      "best_val_loss": 0.0002116554327464352
    }
  }
}