{
  "rmse": 0.002558473493807785,
  "mae": 0.0019188078586012125,
  "r2": 0.9999997615814209,
  "rrmse": 0.00011064541467931122
}