{
  "rmse": 0.0020612230301342354,
  "mae": 0.001610546954907477,
  "r2": 0.999998927116394,
  "rrmse": 0.0002408793952781707
}