{
  "rmse": 0.0024648620886149283,
  "mae": 0.0018811627523973584,
  "r2": 0.999998927116394,
  "rrmse": 0.0002455435460433364
}