{
  "rmse": 0.0012345634031218653,
  "mae": 0.0009243148379027843,
  "r2": 0.9999992847442627,
  "rrmse": 0.00019641236576717347
}